hours_slept,class_standing,minutes_phone,number_texts,most_miles_walked_oneday
8,sophomore,60,1,18
8,senior,90,5,26
6,freshman,90,14,20
8,junior,90,20,5
5,senior,60,15,6
5,sophomore,90,12,8
6,sophomore,60,2,12
6,junior,90,10,10
8,sophomore,20,5,6
8,sophomore,600,1,32
8,junior,60,12,20
6,sophomore,240,3,10
4,sophomore,10,200,25
7,instructor,120,6,12
6,instructor,90,20,20
7,sophomore,90,1,5
7,senior,300,5,4
6,instructor,60,10,10
5,senior,150,15,3
7,junior,200,5,14
7,senior,180,15,8
6,junior,30,10,5
6,instructor,90,10,6
7,junior,360,100,6
7,sophomore,320,15,16
3,sophomore,240,20,16
5,sophomore,120,40,27
